FundName,date,Bid,Ask
Amana Balanced,01-Aug-2014,113.2264,113.2264
,,,
Amana Balanced,04-Aug-2014,112.9054,112.9054
,,,
Amana Balanced,05-Aug-2014,112.8249,112.8249
,,,
Amana Balanced,06-Aug-2014,112.8447,112.8447
,,,
Amana Balanced,07-Aug-2014,113.2574,113.2574
,,,
Amana Balanced,08-Aug-2014,112.4538,112.4538
,,,
Amana Balanced,11-Aug-2014,112.5448,112.5448
,,,
Amana Balanced,12-Aug-2014,112.495,112.495
,,,
Amana Balanced,13-Aug-2014,112.5939,112.5939
,,,
Amana Balanced,14-Aug-2014,112.8516,112.8516
,,,
Amana Balanced,15-Aug-2014,113.2472,113.2472
,,,
Amana Balanced,18-Aug-2014,112.5382,112.5382
,,,
Amana Balanced,19-Aug-2014,112.5753,112.5753
,,,
Amana Balanced,20-Aug-2014,112.5698,112.5698
,,,
Amana Balanced,21-Aug-2014,112.47,112.47
,,,
Amana Balanced,22-Aug-2014,112.5352,112.5352
,,,
Amana Balanced,25-Aug-2014,112.1985,112.1985
,,,
Amana Balanced,26-Aug-2014,112.0544,112.0544
,,,
Amana Balanced,27-Aug-2014,112.0371,112.0371
,,,
Amana Balanced,28-Aug-2014,112.0388,112.0388
,,,
Amana Balanced,29-Aug-2014,112.0133,112.0133
,,,
Amana Balanced,30-Aug-2014,112.1484,112.1484
,,,
Amana Balanced,31-Aug-2014,112.1686,112.1686
,,,
Amana Balanced,01-Sep-2014,112.5027,112.5027
,,,
Amana Balanced,02-Sep-2014,112.8078,112.8078
,,,
Amana Balanced,03-Sep-2014,112.6549,112.6549
,,,
Amana Balanced,04-Sep-2014,112.7066,112.7066
,,,
Amana Balanced,05-Sep-2014,112.5505,112.5505
,,,
Amana Balanced,08-Sep-2014,111.6926,111.6926
,,,
,,,
,,,
,,,
,,,
,,,
,,,
,,,
,,,
,,,
,,,
,,,
FundName,,,
,,,
,,,
Amana Balanced,09-Sep-2014,112.4135,112.4135
,,,
Amana Balanced,10-Sep-2014,110.7181,110.7181
,,,
Amana Balanced,11-Sep-2014,113.4634,113.4634
,,,
Amana Balanced,12-Sep-2014,113.4141,113.4141
,,,
Amana Balanced,15-Sep-2014,113.6603,113.6603
,,,
Amana Balanced,16-Sep-2014,113.8949,113.8949
,,,
Amana Balanced,17-Sep-2014,113.8926,113.8926
,,,
Amana Balanced,18-Sep-2014,112.8644,112.8644
,,,
Amana Balanced,19-Sep-2014,113.6293,113.6293
,,,
Amana Balanced,22-Sep-2014,113.8715,113.8715
,,,
Amana Balanced,23-Sep-2014,117.1617,117.1617
,,,
Amana Balanced,24-Sep-2014,113.8795,113.8795
,,,
Amana Balanced,25-Sep-2014,114.0487,114.0487
,,,
Amana Balanced,26-Sep-2014,115.9345,115.9345
,,,
Amana Balanced,29-Sep-2014,115.2603,115.2603
,,,
Amana Balanced,30-Sep-2014,116.6267,116.6267
,,,
Amana Balanced,01-Oct-2014,117.0506,117.0506
,,,
Amana Balanced,02-Oct-2014,116.6602,116.6602
,,,
Amana Balanced,03-Oct-2014,117.2266,117.2266
,,,
Amana Balanced,06-Oct-2014,117.0835,117.0835
,,,
Amana Balanced,07-Oct-2014,114.975,114.975
,,,
Amana Balanced,08-Oct-2014,114.8374,114.8374
,,,
Amana Balanced,09-Oct-2014,116.4041,116.4041
,,,
Amana Balanced,10-Oct-2014,115.4601,115.4601
,,,
Amana Balanced,13-Oct-2014,114.9923,114.9923
,,,
Amana Balanced,14-Oct-2014,105.7096,105.7096
,,,
Amana Balanced,15-Oct-2014,115.6719,115.6719
,,,
Amana Balanced,16-Oct-2014,115.4724,115.4724
,,,
Amana Balanced,17-Oct-2014,115.1386,115.1386
,,,
Amana Balanced,21-Oct-2014,115.1881,115.1881
,,,
,,,
,,,
,,,
,,,
,,,
,,,
,,,
,,,
,,,
,,,
,,,
FundName,,,
,,,
,,,
Amana Balanced,22-Oct-2014,115.3056,115.3056
,,,
Amana Balanced,23-Oct-2014,115.3458,115.3458
,,,
Amana Balanced,24-Oct-2014,115.3395,115.3395
,,,
Amana Balanced,27-Oct-2014,115.0359,115.0359
,,,
Amana Balanced,28-Oct-2014,115.0483,115.0483
,,,
Amana Balanced,29-Oct-2014,115.1092,115.1092
,,,
Amana Balanced,30-Oct-2014,115.1535,115.1535
,,,
Amana Balanced,31-Oct-2014,115.2219,115.2219
,,,
Amana Balanced,03-Nov-2014,115.6535,115.6535
,,,
Amana Balanced,04-Nov-2014,115.5712,115.5712
,,,
Amana Balanced,05-Nov-2014,115.7637,115.7637
,,,
Amana Balanced,06-Nov-2014,118.292,118.292
,,,
Amana Balanced,07-Nov-2014,118.3586,118.3586
,,,
Amana Balanced,10-Nov-2014,117.3864,117.3864
,,,
Amana Balanced,11-Nov-2014,118.2241,118.2241
,,,
Amana Balanced,12-Nov-2014,118.6294,118.6294
,,,
Amana Balanced,13-Nov-2014,118.6309,118.6309
,,,
Amana Balanced,14-Nov-2014,119.2284,119.2284
,,,
Amana Balanced,17-Nov-2014,119.2929,119.2929
,,,
Amana Balanced,18-Nov-2014,118.0757,118.0757
,,,
Amana Balanced,19-Nov-2014,117.3795,117.3795
,,,
Amana Balanced,20-Nov-2014,117.3569,117.3569
,,,
Amana Balanced,21-Nov-2014,118.1436,118.1436
,,,
Amana Balanced,24-Nov-2014,118.3374,118.3374
,,,
Amana Balanced,25-Nov-2014,118.3529,118.3529
,,,
Amana Balanced,26-Nov-2014,118.9284,118.9284
,,,
Amana Balanced,27-Nov-2014,118.9435,118.9435
,,,
Amana Balanced,28-Nov-2014,117.9089,117.9089
,,,
Amana Balanced,29-Nov-2014,117.7483,117.7483
,,,
Amana Balanced,30-Nov-2014,117.7396,117.7396
,,,
,,,
,,,
,,,
,,,
,,,
,,,
,,,
,,,
,,,
,,,
,,,
FundName,,,
,,,
,,,
Amana Balanced,01-Dec-2014,118.6133,118.6133
,,,
Amana Balanced,02-Dec-2014,118.5855,118.5855
,,,
Amana Balanced,03-Dec-2014,118.1006,118.1006
,,,
Amana Balanced,04-Dec-2014,118.1151,118.1151
,,,
Amana Balanced,05-Dec-2014,118.3872,118.3872
,,,
Amana Balanced,08-Dec-2014,118.4256,118.4256
,,,
Amana Balanced,09-Dec-2014,118.6945,118.6945
,,,
Amana Balanced,10-Dec-2014,118.4083,118.4083
,,,
Amana Balanced,11-Dec-2014,117.6086,117.6086
,,,
Amana Balanced,15-Dec-2014,121.0899,121.0899
,,,
Amana Balanced,16-Dec-2014,117.4127,117.4127
,,,
Amana Balanced,17-Dec-2014,117.3942,117.3942
,,,
Amana Balanced,18-Dec-2014,117.7565,117.7565
,,,
Amana Balanced,19-Dec-2014,117.1753,117.1753
,,,
Amana Balanced,22-Dec-2014,116.8683,116.8683
,,,
Amana Balanced,31-Dec-2014,116.3158,116.3158
,,,
Amana Balanced,02-Jan-2015,116.8575,116.8575
,,,
Amana Balanced,05-Jan-2015,116.7119,116.7119
,,,
Amana Balanced,06-Jan-2015,117.4693,117.4693
,,,
Amana Balanced,07-Jan-2015,117.9684,117.9684
,,,
Amana Balanced,08-Jan-2015,117.9109,117.9109
,,,
Amana Balanced,09-Jan-2015,134.868,134.868
,,,
Amana Balanced,12-Jan-2015,118.3428,118.3428
,,,
Amana Balanced,13-Jan-2015,118.8856,118.8856
,,,
Amana Balanced,14-Jan-2015,119.4179,119.4179
,,,
Amana Balanced,15-Jan-2015,119.5927,119.5927
,,,
Amana Balanced,16-Jan-2015,119.0651,119.0651
,,,
Amana Balanced,19-Jan-2015,119.919,119.919
,,,
Amana Balanced,20-Jan-2015,118.9284,118.9284
,,,
Amana Balanced,21-Jan-2015,118.3696,118.3696
,,,
,,,
,,,
,,,
,,,
,,,
,,,
,,,
,,,
,,,
,,,
,,,
FundName,,,
,,,
,,,
Amana Balanced,22-Jan-2015,119.5392,119.5392
,,,
Amana Balanced,23-Jan-2015,118.8332,118.8332
,,,
Amana Balanced,26-Jan-2015,118.8328,118.8328
,,,
Amana Balanced,27-Jan-2015,119.2306,119.2306
,,,
Amana Balanced,28-Jan-2015,118.9901,118.9901
,,,
Amana Balanced,29-Jan-2015,118.6943,118.6943
,,,
Amana Balanced,30-Jan-2015,118.4387,118.4387
,,,
Amana Balanced,31-Jan-2015,118.4011,118.4011
,,,
Amana Balanced,02-Feb-2015,119.1241,119.1241
,,,
Amana Balanced,03-Feb-2015,119.5889,119.5889
,,,
Amana Balanced,04-Feb-2015,119.8456,119.8456
,,,
Amana Balanced,05-Feb-2015,119.9612,119.9612
,,,
Amana Balanced,06-Feb-2015,120.3059,120.3059
,,,
Amana Balanced,09-Feb-2015,120.1041,120.1041
,,,
Amana Balanced,10-Feb-2015,120.8493,120.8493
,,,
Amana Balanced,11-Feb-2015,120.9959,120.9959
,,,
Amana Balanced,12-Feb-2015,121.0832,121.0832
,,,
Amana Balanced,13-Feb-2015,120.9261,120.9261
,,,
Amana Balanced,16-Feb-2015,121.3908,121.3908
,,,
Amana Balanced,17-Feb-2015,120.3289,120.3289
,,,
Amana Balanced,18-Feb-2015,120.4389,120.4389
,,,
Amana Balanced,19-Feb-2015,121.1096,121.1096
,,,
Amana Balanced,20-Feb-2015,123.4338,123.4338
,,,
Amana Balanced,23-Feb-2015,123.2485,123.2485
,,,
Amana Balanced,24-Feb-2015,123.1475,123.1475
,,,
Amana Balanced,25-Feb-2015,123.4281,123.4281
,,,
Amana Balanced,26-Feb-2015,123.5863,123.5863
,,,
Amana Balanced,27-Feb-2015,123.1819,123.1819
,,,
Amana Balanced,28-Feb-2015,123.0212,123.0212
,,,
Amana Balanced,02-Mar-2015,123.3999,123.3999
,,,
,,,
,,,
,,,
,,,
,,,
,,,
,,,
,,,
,,,
,,,
,,,
FundName,,,
,,,
,,,
Amana Balanced,03-Mar-2015,123.2212,123.2212
,,,
Amana Balanced,04-Mar-2015,122.148,122.148
,,,
Amana Balanced,05-Mar-2015,122.5213,122.5213
,,,
Amana Balanced,06-Mar-2015,123.7338,123.7338
,,,
Amana Balanced,09-Mar-2015,123.6129,123.6129
,,,
Amana Balanced,10-Mar-2015,123.5807,123.5807
,,,
Amana Balanced,11-Mar-2015,123.1099,123.1099
,,,
Amana Balanced,12-Mar-2015,123.6007,123.6007
,,,
Amana Balanced,13-Mar-2015,123.6092,123.6092
,,,
Amana Balanced,16-Mar-2015,123.8777,123.8777
,,,
Amana Balanced,17-Mar-2015,123.4568,123.4568
,,,
Amana Balanced,18-Mar-2015,123.8693,123.8693
,,,
Amana Balanced,19-Mar-2015,124.2606,124.2606
,,,
Amana Balanced,20-Mar-2015,124.6489,124.6489
,,,
Amana Balanced,23-Mar-2015,124.773,124.773
,,,
Amana Balanced,24-Mar-2015,124.1585,124.1585
,,,
Amana Balanced,25-Mar-2015,123.9994,123.9994
,,,
Amana Balanced,26-Mar-2015,125.2026,125.2026
,,,
Amana Balanced,27-Mar-2015,125.3563,125.3563
,,,
Amana Balanced,30-Mar-2015,125.8782,125.8782
,,,
Amana Balanced,31-Mar-2015,126.2288,126.2288
,,,
Amana Balanced,01-Apr-2015,126.6949,126.6949
,,,
Amana Balanced,02-Apr-2015,126.723,126.723
,,,
Amana Balanced,07-Apr-2015,125.6548,125.6548
,,,
Amana Balanced,08-Apr-2015,124.9741,124.9741
,,,
Amana Balanced,09-Apr-2015,123.6389,123.6389
,,,
Amana Balanced,10-Apr-2015,124.1062,124.1062
,,,
Amana Balanced,13-Apr-2015,124.1519,124.1519
,,,
Amana Balanced,14-Apr-2015,124.0872,124.0872
,,,
Amana Balanced,15-Apr-2015,124.657,124.657
,,,
,,,
,,,
,,,
,,,
,,,
,,,
,,,
,,,
,,,
,,,
,,,
FundName,,,
,,,
,,,
Amana Balanced,16-Apr-2015,124.2129,124.2129
,,,
Amana Balanced,17-Apr-2015,123.5419,123.5419
,,,
Amana Balanced,20-Apr-2015,125.1267,125.1267
,,,
Amana Balanced,21-Apr-2015,125.0849,125.0849
,,,
Amana Balanced,22-Apr-2015,124.8428,124.8428
,,,
Amana Balanced,23-Apr-2015,124.4764,124.4764
,,,
Amana Balanced,24-Apr-2015,124.9588,124.9588
,,,
Amana Balanced,27-Apr-2015,124.9797,124.9797
,,,
Amana Balanced,28-Apr-2015,124.9116,124.9116
,,,
Amana Balanced,29-Apr-2015,124.6614,124.6614
,,,
Amana Balanced,30-Apr-2015,124.7865,124.7865
,,,
Amana Balanced,04-May-2015,124.6371,124.6371
,,,
Amana Balanced,05-May-2015,124.6816,124.6816
,,,
Amana Balanced,06-May-2015,124.9829,124.9829
,,,
Amana Balanced,07-May-2015,124.6124,124.6124
,,,
Amana Balanced,08-May-2015,124.6819,124.6819
,,,
Amana Balanced,11-May-2015,124.8963,124.8963
,,,
Amana Balanced,12-May-2015,123.6684,123.6684
,,,
Amana Balanced,13-May-2015,124.1009,124.1009
,,,
Amana Balanced,14-May-2015,122.2721,122.2721
,,,
Amana Balanced,15-May-2015,122.164,122.164
,,,
Amana Balanced,18-May-2015,122.1967,122.1967
,,,
Amana Balanced,19-May-2015,121.8153,121.8153
,,,
Amana Balanced,20-May-2015,122.1169,122.1169
,,,
Amana Balanced,21-May-2015,121.5326,121.5326
,,,
Amana Balanced,22-May-2015,121.6621,121.6621
,,,
Amana Balanced,25-May-2015,121.354,121.354
,,,
Amana Balanced,26-May-2015,121.0348,121.0348
,,,
Amana Balanced,27-May-2015,120.8319,120.8319
,,,
Amana Balanced,28-May-2015,120.202,120.202
,,,
,,,
,,,
,,,
,,,
,,,
,,,
,,,
,,,
,,,
,,,
,,,
FundName,,,
,,,
,,,
Amana Balanced,29-May-2015,120.1593,120.1593
,,,
Amana Balanced,30-May-2015,120.4962,120.4962
,,,
Amana Balanced,31-May-2015,120.5033,120.5033
,,,
Amana Balanced,02-Jun-2015,121.1806,121.1806
,,,
Amana Balanced,03-Jun-2015,121.8509,121.8509
,,,
Amana Balanced,04-Jun-2015,122.1093,122.1093
,,,
Amana Balanced,05-Jun-2015,122.0795,122.0795
,,,
Amana Balanced,08-Jun-2015,122.0695,122.0695
,,,
Amana Balanced,09-Jun-2015,122.026,122.026
,,,
Amana Balanced,10-Jun-2015,121.6372,121.6372
,,,
Amana Balanced,11-Jun-2015,122.3166,122.3166
,,,
Amana Balanced,12-Jun-2015,122.4437,122.4437
,,,
Amana Balanced,15-Jun-2015,122.5222,122.5222
,,,
Amana Balanced,16-Jun-2015,122.7648,122.7648
,,,
Amana Balanced,17-Jun-2015,122.7686,122.7686
,,,
Amana Balanced,18-Jun-2015,122.7255,122.7255
,,,
Amana Balanced,19-Jun-2015,122.9243,122.9243
,,,
Amana Balanced,22-Jun-2015,122.9283,122.9283
,,,
Amana Balanced,23-Jun-2015,123.8951,123.8951
,,,
Amana Balanced,24-Jun-2015,123.4018,123.4018
,,,
Amana Balanced,25-Jun-2015,123.385,123.385
,,,
Amana Balanced,26-Jun-2015,123.3714,123.3714
,,,
Amana Balanced,29-Jun-2015,123.7035,123.7035
,,,
Amana Balanced,30-Jun-2015,123.914,123.914
,,,
Amana Balanced,01-Jul-2015,124.4852,124.4852
,,,
Amana Balanced,02-Jul-2015,123.6734,123.6734
,,,
Amana Balanced,03-Jul-2015,123.6048,123.6048
,,,
Amana Balanced,06-Jul-2015,123.4223,123.4223
,,,
Amana Balanced,07-Jul-2015,123.514,123.514
,,,
Amana Balanced,08-Jul-2015,123.4714,123.4714
,,,
,,,
,,,
,,,
,,,
,,,
,,,
,,,
,,,
,,,
,,,
,,,
FundName,,,
,,,
,,,
Amana Balanced,09-Jul-2015,121.5097,121.5097
,,,
Amana Balanced,10-Jul-2015,122.6899,122.6899
,,,
Amana Balanced,13-Jul-2015,123.1152,123.1152
,,,
Amana Balanced,14-Jul-2015,122.7553,122.7553
,,,
Amana Balanced,15-Jul-2015,122.1526,122.1526
,,,
Amana Balanced,16-Jul-2015,122.2686,122.2686
,,,
Amana Balanced,17-Jul-2015,121.7919,121.7919
,,,
Amana Balanced,20-Jul-2015,121.7629,121.7629
,,,
Amana Balanced,21-Jul-2015,120.3021,120.3021
,,,
Amana Balanced,22-Jul-2015,120.4576,120.4576
,,,
Amana Balanced,23-Jul-2015,120.2062,120.2062
,,,
Amana Balanced,24-Jul-2015,119.8534,119.8534
,,,
Amana Balanced,27-Jul-2015,120.0368,120.0368
,,,
Amana Balanced,28-Jul-2015,119.8418,119.8418
,,,
Amana Balanced,29-Jul-2015,119.5973,119.5973
,,,
Amana Balanced,30-Jul-2015,119.538,119.538
,,,
Amana Balanced,31-Jul-2015,120.6047,120.6047
,,,
Amana Balanced,03-Aug-2015,121.6252,121.6252
,,,
Amana Balanced,04-Aug-2015,121.1986,121.1986
,,,
Amana Balanced,05-Aug-2015,120.5353,120.5353
,,,
Amana Balanced,06-Aug-2015,120.4898,120.4898
,,,
Amana Balanced,07-Aug-2015,122.0959,122.0959
,,,
Amana Balanced,10-Aug-2015,124.553,124.553
,,,
Amana Balanced,11-Aug-2015,123.1793,123.1793
,,,
Amana Balanced,12-Aug-2015,124.7852,124.7852
,,,
Amana Balanced,13-Aug-2015,124.6071,124.6071
,,,
Amana Balanced,14-Aug-2015,124.3497,124.3497
,,,
Amana Balanced,17-Aug-2015,123.9049,123.9049
,,,
Amana Balanced,18-Aug-2015,123.5682,123.5682
,,,
Amana Balanced,19-Aug-2015,123.7996,123.7996
,,,
,,,
,,,
,,,
,,,
,,,
,,,
,,,
,,,
,,,
,,,
,,,
FundName,,,
,,,
,,,
Amana Balanced,20-Aug-2015,123.9773,123.9773
,,,
Amana Balanced,21-Aug-2015,123.9275,123.9275
,,,
Amana Balanced,24-Aug-2015,123.2179,123.2179
,,,
Amana Balanced,25-Aug-2015,122.0692,122.0692
,,,
Amana Balanced,26-Aug-2015,121.051,121.051
,,,
Amana Balanced,27-Aug-2015,119.3345,119.3345
,,,
Amana Balanced,28-Aug-2015,118.9698,118.9698
,,,
Amana Balanced,31-Aug-2015,120.8112,120.8112
,,,
Amana Balanced,01-Sep-2015,121.6381,121.6381
,,,
Amana Balanced,02-Sep-2015,122.7355,122.7355
,,,
Amana Balanced,03-Sep-2015,122.3231,122.3231
,,,
Amana Balanced,04-Sep-2015,123.4066,123.4066
,,,
Amana Balanced,07-Sep-2015,123.635,123.635
,,,
Amana Balanced,08-Sep-2015,124.3105,124.3105
,,,
Amana Balanced,09-Sep-2015,124.0006,124.0006
,,,
Amana Balanced,10-Sep-2015,124.4145,124.4145
,,,
Amana Balanced,11-Sep-2015,126.2797,126.2797
,,,
Amana Balanced,14-Sep-2015,125.1798,125.1798
,,,
Amana Balanced,15-Sep-2015,125.9882,125.9882
,,,
Amana Balanced,16-Sep-2015,125.906,125.906
,,,
Amana Balanced,17-Sep-2015,125.8827,125.8827
,,,
Amana Balanced,18-Sep-2015,126.0772,126.0772
,,,
Amana Balanced,21-Sep-2015,125.9892,125.9892
,,,
Amana Balanced,22-Sep-2015,126.0896,126.0896
,,,
Amana Balanced,23-Sep-2015,126.5755,126.5755
,,,
Amana Balanced,24-Sep-2015,126.787,126.787
,,,
Amana Balanced,25-Sep-2015,126.5502,126.5502
,,,
Amana Balanced,28-Sep-2015,126.2664,126.2664
,,,
Amana Balanced,29-Sep-2015,126.5636,126.5636
,,,
Amana Balanced,30-Sep-2015,126.2354,126.2354
,,,
,,,
,,,
,,,
,,,
,,,
,,,
,,,
,,,
,,,
,,,
,,,
FundName,,,
,,,
,,,
Amana Balanced,01-Oct-2015,126.4357,126.4357
,,,
Amana Balanced,02-Oct-2015,125.74,125.74
,,,
Amana Balanced,05-Oct-2015,125.2208,125.2208
,,,
Amana Balanced,06-Oct-2015,124.5468,124.5468
,,,
Amana Balanced,07-Oct-2015,124.1074,124.1074
,,,
Amana Balanced,08-Oct-2015,124.1768,124.1768
,,,
Amana Balanced,09-Oct-2015,123.7239,123.7239
,,,
Amana Balanced,12-Oct-2015,124.5342,124.5342
,,,
Amana Balanced,13-Oct-2015,123.9133,123.9133
,,,
Amana Balanced,14-Oct-2015,123.7885,123.7885
,,,
Amana Balanced,15-Oct-2015,122.9679,122.9679
,,,
Amana Balanced,16-Oct-2015,123.7918,123.7918
,,,
Amana Balanced,19-Oct-2015,124.1663,124.1663
,,,
Amana Balanced,21-Oct-2015,122.1384,122.1384
,,,
Amana Balanced,22-Oct-2015,122.9644,122.9644
,,,
Amana Balanced,23-Oct-2015,122.6768,122.6768
,,,
Amana Balanced,26-Oct-2015,122.5189,122.5189
,,,
Amana Balanced,27-Oct-2015,122.0136,122.0136
,,,
Amana Balanced,28-Oct-2015,121.852,121.852
,,,
Amana Balanced,29-Oct-2015,121.7257,121.7257
,,,
Amana Balanced,30-Oct-2015,119.3143,119.3143
,,,
Amana Balanced,31-Oct-2015,123.2604,123.2604
,,,
Amana Balanced,02-Nov-2015,121.6985,121.6985
,,,
Amana Balanced,03-Nov-2015,120.9042,120.9042
,,,
Amana Balanced,04-Nov-2015,121.8763,121.8763
,,,
Amana Balanced,05-Nov-2015,121.3846,121.3846
,,,
Amana Balanced,06-Nov-2015,120.3822,120.3822
,,,
Amana Balanced,09-Nov-2015,121.2482,121.2482
,,,
Amana Balanced,10-Nov-2015,118.4503,118.4503
,,,
Amana Balanced,11-Nov-2015,122.7446,122.7446
,,,
,,,
,,,
,,,
,,,
,,,
,,,
,,,
,,,
,,,
,,,
,,,
FundName,,,
,,,
,,,
Amana Balanced,12-Nov-2015,122.6793,122.6793
,,,
Amana Balanced,13-Nov-2015,123.1089,123.1089
,,,
Amana Balanced,16-Nov-2015,122.9434,122.9434
,,,
Amana Balanced,17-Nov-2015,123.3748,123.3748
,,,
Amana Balanced,18-Nov-2015,122.6486,122.6486
,,,
Amana Balanced,19-Nov-2015,122.8487,122.8487
,,,
Amana Balanced,20-Nov-2015,122.8935,122.8935
,,,
Amana Balanced,23-Nov-2015,123.3692,123.3692
,,,
Amana Balanced,24-Nov-2015,123.3898,123.3898
,,,
Amana Balanced,25-Nov-2015,123.6517,123.6517
,,,
Amana Balanced,27-Nov-2015,125.3583,125.3583
,,,
Amana Balanced,30-Nov-2015,123.5694,123.5694
,,,
Amana Balanced,01-Dec-2015,123.5623,123.5623
,,,
Amana Balanced,02-Dec-2015,123.4632,123.4632
,,,
Amana Balanced,03-Dec-2015,123.339,123.339
,,,
Amana Balanced,04-Dec-2015,125.62,125.62
,,,
Amana Balanced,07-Dec-2015,123.3436,123.3436
,,,
Amana Balanced,08-Dec-2015,123.9667,123.9667
,,,
Amana Balanced,09-Dec-2015,124.0803,124.0803
,,,
Amana Balanced,10-Dec-2015,123.7755,123.7755
,,,
Amana Balanced,11-Dec-2015,123.8981,123.8981
,,,
Amana Balanced,14-Dec-2015,123.8417,123.8417
,,,
Amana Balanced,15-Dec-2015,123.5469,123.5469
,,,
Amana Balanced,16-Dec-2015,123.4082,123.4082
,,,
Amana Balanced,17-Dec-2015,123.2173,123.2173
,,,
Amana Balanced,18-Dec-2015,123.4088,123.4088
,,,
Amana Balanced,21-Dec-2015,123.1171,123.1171
,,,
Amana Balanced,22-Dec-2015,123.5431,123.5431
,,,
Amana Balanced,23-Dec-2015,123.5326,123.5326
,,,
Amana Balanced,24-Dec-2015,123.7482,123.7482
,,,
,,,
,,,
,,,
,,,
,,,
,,,
,,,
,,,
,,,
,,,
,,,
FundName,,,
,,,
,,,
Amana Balanced,28-Dec-2015,123.7839,123.7839
,,,
Amana Balanced,31-Dec-2015,123.9275,123.9275
,,,
Amana Balanced,04-Jan-2016,125.9348,125.9348
,,,
Amana Balanced,05-Jan-2016,125.5141,125.5141
,,,
Amana Balanced,06-Jan-2016,126.0473,126.0473
,,,
Amana Balanced,07-Jan-2016,126.0474,126.0474
,,,
Amana Balanced,08-Jan-2016,126.2632,126.2632
,,,
Amana Balanced,11-Jan-2016,126.1499,126.1499
,,,
Amana Balanced,12-Jan-2016,125.5797,125.5797
,,,
Amana Balanced,13-Jan-2016,125.1991,125.1991
,,,
Amana Balanced,14-Jan-2016,124.6822,124.6822
,,,
Amana Balanced,15-Jan-2016,123.7228,123.7228
,,,
Amana Balanced,18-Jan-2016,123.2301,123.2301
,,,
Amana Balanced,19-Jan-2016,123.0598,123.0598
,,,
Amana Balanced,20-Jan-2016,122.3391,122.3391
,,,
Amana Balanced,21-Jan-2016,121.8413,121.8413
,,,
Amana Balanced,22-Jan-2016,122.13,122.13
,,,
Amana Balanced,25-Jan-2016,122.2319,122.2319
,,,
Amana Balanced,26-Jan-2016,122.3748,122.3748
,,,
Amana Balanced,27-Jan-2016,122.3149,122.3149
,,,
Amana Balanced,28-Jan-2016,122.4824,122.4824
,,,
Amana Balanced,29-Jan-2016,122.1891,122.1891
,,,
Amana Balanced,30-Jan-2016,122.1891,122.1891
,,,
Amana Balanced,31-Jan-2016,122.1891,122.1891
,,,
Amana Balanced,01-Feb-2016,125.8988,125.8988
,,,
Amana Balanced,02-Feb-2016,122.7991,122.7991
,,,
Amana Balanced,03-Feb-2016,122.9608,122.9608
,,,
Amana Balanced,04-Feb-2016,124.0044,124.0044
,,,
Amana Balanced,05-Feb-2016,124.5033,124.5033
,,,
Amana Balanced,08-Feb-2016,125.0236,125.0236
,,,
,,,
,,,
,,,
,,,
,,,
,,,
,,,
,,,
,,,
,,,
,,,
FundName,,,
,,,
,,,
Amana Balanced,09-Feb-2016,126.1807,126.1807
,,,
Amana Balanced,10-Feb-2016,126.2454,126.2454
,,,
Amana Balanced,11-Feb-2016,125.0857,125.0857
,,,
Amana Balanced,12-Feb-2016,126.6443,126.6443
,,,
Amana Balanced,15-Feb-2016,127.0031,127.0031
,,,
Amana Balanced,16-Feb-2016,125.0008,125.0008
,,,
Amana Balanced,17-Feb-2016,125.0784,125.0784
,,,
Amana Balanced,18-Feb-2016,125.2005,125.2005
,,,
Amana Balanced,19-Feb-2016,125.0581,125.0581
,,,
Amana Balanced,22-Feb-2016,125.2643,125.2643
,,,
Amana Balanced,23-Feb-2016,124.9156,124.9156
,,,
Amana Balanced,24-Feb-2016,125.311,125.311
,,,
Amana Balanced,25-Feb-2016,124.9753,124.9753
,,,
Amana Balanced,26-Feb-2016,125.1637,125.1637
,,,
Amana Balanced,29-Feb-2016,125.0884,125.0884
,,,
Amana Balanced,01-Mar-2016,124.9746,124.9746
,,,
Amana Balanced,02-Mar-2016,125.064,125.064
,,,
Amana Balanced,03-Mar-2016,125.4614,125.4614
,,,
Amana Balanced,04-Mar-2016,130.3751,130.3751
,,,
Amana Balanced,07-Mar-2016,126.8756,126.8756
,,,
Amana Balanced,08-Mar-2016,127.2782,127.2782
,,,
Amana Balanced,09-Mar-2016,126.8108,126.8108
,,,
Amana Balanced,10-Mar-2016,127.0913,127.0913
,,,
Amana Balanced,11-Mar-2016,125.6613,125.6613
,,,
Amana Balanced,14-Mar-2016,127.3532,127.3532
,,,
Amana Balanced,15-Mar-2016,127.1252,127.1252
,,,
Amana Balanced,16-Mar-2016,126.9344,126.9344
,,,
Amana Balanced,17-Mar-2016,125.6502,125.6502
,,,
Amana Balanced,18-Mar-2016,127.2063,127.2063
,,,
Amana Balanced,21-Mar-2016,127.1959,127.1959
,,,
,,,
,,,
,,,
,,,
,,,
,,,
,,,
,,,
,,,
,,,
,,,
FundName,,,
,,,
,,,
Amana Balanced,22-Mar-2016,127.2112,127.2112
,,,
Amana Balanced,23-Mar-2016,126.9681,126.9681
,,,
Amana Balanced,24-Mar-2016,127.1614,127.1614
,,,
Amana Balanced,29-Mar-2016,127.5582,127.5582
,,,
Amana Balanced,30-Mar-2016,126.2772,126.2772
,,,
Amana Balanced,31-Mar-2016,125.003,125.003
,,,
Amana Balanced,01-Apr-2016,126.1888,126.1888
,,,
Amana Balanced,04-Apr-2016,126.5452,126.5452
,,,
Amana Balanced,05-Apr-2016,126.3643,126.3643
,,,
Amana Balanced,06-Apr-2016,126.6104,126.6104
,,,
Amana Balanced,07-Apr-2016,126.7557,126.7557
,,,
Amana Balanced,08-Apr-2016,127.037,127.037
,,,
Amana Balanced,11-Apr-2016,126.716,126.716
,,,
Amana Balanced,12-Apr-2016,126.8584,126.8584
,,,
Amana Balanced,13-Apr-2016,127.1156,127.1156
,,,
Amana Balanced,14-Apr-2016,127.005,127.005
,,,
Amana Balanced,15-Apr-2016,127.132,127.132
,,,
Amana Balanced,18-Apr-2016,128.2521,128.2521
,,,
Amana Balanced,19-Apr-2016,128.3634,128.3634
,,,
Amana Balanced,20-Apr-2016,127.4976,127.4976
,,,
Amana Balanced,21-Apr-2016,127.8532,127.8532
,,,
Amana Balanced,22-Apr-2016,127.7827,127.7827
,,,
Amana Balanced,25-Apr-2016,127.5857,127.5857
,,,
Amana Balanced,26-Apr-2016,127.9526,127.9526
,,,
Amana Balanced,27-Apr-2016,127.8208,127.8208
,,,
Amana Balanced,28-Apr-2016,127.681,127.681
,,,
Amana Balanced,29-Apr-2016,127.6254,127.6254
,,,
Amana Balanced,30-Apr-2016,127.6,127.6
,,,
Amana Balanced,03-May-2016,128.104,128.104
,,,
Amana Balanced,04-May-2016,127.9432,127.9432
,,,
,,,
,,,
,,,
,,,
,,,
,,,
,,,
,,,
,,,
,,,
,,,
FundName,,,
,,,
,,,
Amana Balanced,05-May-2016,125.5087,125.5087
,,,
Amana Balanced,06-May-2016,126.5156,126.5156
,,,
Amana Balanced,09-May-2016,126.8291,126.8291
,,,
Amana Balanced,10-May-2016,126.7744,126.7744
,,,
Amana Balanced,11-May-2016,126.9495,126.9495
,,,
Amana Balanced,12-May-2016,127.1177,127.1177
,,,
Amana Balanced,13-May-2016,127.6873,127.6873
,,,
Amana Balanced,16-May-2016,127.4501,127.4501
,,,
Amana Balanced,17-May-2016,127.4209,127.4209
,,,
Amana Balanced,18-May-2016,127.1648,127.1648
,,,
Amana Balanced,19-May-2016,127.354,127.354
,,,
Amana Balanced,20-May-2016,126.8326,126.8326
,,,
Amana Balanced,23-May-2016,127.2172,127.2172
,,,
Amana Balanced,24-May-2016,127.4198,127.4198
,,,
Amana Balanced,25-May-2016,127.2017,127.2017
,,,
Amana Balanced,26-May-2016,126.5508,126.5508
,,,
Amana Balanced,27-May-2016,126.7375,126.7375
,,,
Amana Balanced,30-May-2016,126.0986,126.0986
,,,
Amana Balanced,31-May-2016,126.1511,126.1511
,,,
Amana Balanced,02-Jun-2016,126.0324,126.0324
,,,
Amana Balanced,03-Jun-2016,125.1241,125.1241
,,,
Amana Balanced,06-Jun-2016,124.8984,124.8984
,,,
Amana Balanced,07-Jun-2016,125.1284,125.1284
,,,
Amana Balanced,08-Jun-2016,124.4225,124.4225
,,,
Amana Balanced,09-Jun-2016,124.9235,124.9235
,,,
Amana Balanced,10-Jun-2016,125.3704,125.3704
,,,
Amana Balanced,13-Jun-2016,124.4317,124.4317
,,,
Amana Balanced,14-Jun-2016,124.3499,124.3499
,,,
Amana Balanced,15-Jun-2016,123.6023,123.6023
,,,
Amana Balanced,16-Jun-2016,122.8852,122.8852
,,,
,,,
,,,
,,,
,,,
,,,
,,,
,,,
,,,
,,,
,,,
,,,
FundName,,,
,,,
,,,
Amana Balanced,17-Jun-2016,123.5774,123.5774
,,,
Amana Balanced,20-Jun-2016,122.6974,122.6974
,,,
Amana Balanced,21-Jun-2016,124.0758,124.0758
,,,
Amana Balanced,22-Jun-2016,124.0774,124.0774
,,,
Amana Balanced,23-Jun-2016,123.9853,123.9853
,,,
Amana Balanced,24-Jun-2016,124.0533,124.0533
,,,
Amana Balanced,27-Jun-2016,122.92,122.92
,,,
Amana Balanced,28-Jun-2016,122.8919,122.8919
,,,
Amana Balanced,29-Jun-2016,123.3189,123.3189
,,,
Amana Balanced,30-Jun-2016,122.9295,122.9295
,,,
Amana Balanced,01-Jul-2016,123.5436,123.5436
,,,
Amana Balanced,04-Jul-2016,123.721,123.721
,,,
Amana Balanced,05-Jul-2016,123.4442,123.4442
,,,
Amana Balanced,06-Jul-2016,123.4667,123.4667
,,,
Amana Balanced,08-Jul-2016,123.5479,123.5479
,,,
Amana Balanced,11-Jul-2016,123.3143,123.3143
,,,
Amana Balanced,12-Jul-2016,124.1338,124.1338
,,,
Amana Balanced,13-Jul-2016,122.7964,122.7964
,,,
Amana Balanced,14-Jul-2016,128.4952,128.4952
,,,
Amana Balanced,15-Jul-2016,121.0262,121.0262
,,,
Amana Balanced,18-Jul-2016,120.7895,120.7895
,,,
Amana Balanced,19-Jul-2016,120.304,120.304
,,,
Amana Balanced,20-Jul-2016,120.7084,120.7084
,,,
Amana Balanced,21-Jul-2016,120.542,120.542
,,,
Amana Balanced,22-Jul-2016,120.204,120.204
,,,
Amana Balanced,25-Jul-2016,122.1052,122.1052
,,,
Amana Balanced,26-Jul-2016,121.4073,121.4073
,,,
Amana Balanced,27-Jul-2016,121.6629,121.6629
,,,
Amana Balanced,28-Jul-2016,121.4455,121.4455
,,,
Amana Balanced,31-Jul-2016,121.2184,121.2184
,,,
,,,
,,,
,,,
,,,
,,,
,,,
,,,
,,,
,,,
,,,
,,,
FundName,,,
,,,
,,,
Amana Balanced,01-Aug-2016,121.4175,121.4175
,,,
Amana Balanced,02-Aug-2016,121.7857,121.7857
,,,
Amana Balanced,03-Aug-2016,121.4852,121.4852
,,,
Amana Balanced,04-Aug-2016,121.1131,121.1131
,,,
Amana Balanced,05-Aug-2016,120.6425,120.6425
,,,
Amana Balanced,08-Aug-2016,120.1629,120.1629
,,,
Amana Balanced,09-Aug-2016,121.4265,121.4265
,,,
Amana Balanced,10-Aug-2016,121.2851,121.2851
,,,
Amana Balanced,11-Aug-2016,121.7563,121.7563
,,,
Amana Balanced,12-Aug-2016,122.2458,122.2458
,,,
Amana Balanced,15-Aug-2016,121.9994,121.9994
,,,
Amana Balanced,16-Aug-2016,121.9406,121.9406
,,,
Amana Balanced,17-Aug-2016,121.8736,121.8736
,,,
Amana Balanced,18-Aug-2016,122.7833,122.7833
,,,
Amana Balanced,19-Aug-2016,122.7066,122.7066
,,,
Amana Balanced,22-Aug-2016,122.6423,122.6423
,,,
Amana Balanced,23-Aug-2016,122.7955,122.7955
,,,
Amana Balanced,24-Aug-2016,121.9462,121.9462
,,,
Amana Balanced,25-Aug-2016,123.0474,123.0474
,,,
Amana Balanced,26-Aug-2016,120.4759,120.4759
,,,
Amana Balanced,29-Aug-2016,118.829,118.829
,,,
Amana Balanced,30-Aug-2016,117.3479,117.3479
,,,
Amana Balanced,31-Aug-2016,117.7047,117.7047
,,,
Amana Balanced,01-Sep-2016,119.2687,119.2687
,,,
Amana Balanced,02-Sep-2016,118.6771,118.6771
,,,
Amana Balanced,05-Sep-2016,118.7437,118.7437
,,,
Amana Balanced,06-Sep-2016,120.4783,120.4783
,,,
Amana Balanced,07-Sep-2016,118.8078,118.8078
,,,
Amana Balanced,08-Sep-2016,121.0033,121.0033
,,,
Amana Balanced,09-Sep-2016,120.7134,120.7134
,,,
,,,
,,,
,,,
,,,
,,,
,,,
,,,
,,,
,,,
,,,
,,,
FundName,,,
,,,
,,,
Amana Balanced,13-Sep-2016,121.7091,121.7091
,,,
Amana Balanced,14-Sep-2016,121.9375,121.9375
,,,
Amana Balanced,15-Sep-2016,122.3846,122.3846
,,,
Amana Balanced,16-Sep-2016,121.9021,121.9021
,,,
Amana Balanced,19-Sep-2016,121.5338,121.5338
,,,
Amana Balanced,20-Sep-2016,121.6851,121.6851
,,,
Amana Balanced,21-Sep-2016,120.6648,120.6648
,,,
Amana Balanced,22-Sep-2016,120.8431,120.8431
,,,
Amana Balanced,23-Sep-2016,120.796,120.796
,,,
Amana Balanced,26-Sep-2016,120.8594,120.8594
,,,
Amana Balanced,27-Sep-2016,121.059,121.059
,,,
Amana Balanced,28-Sep-2016,121.7181,121.7181
,,,
Amana Balanced,29-Sep-2016,122.0969,122.0969
,,,
Amana Balanced,30-Sep-2016,122.8196,122.8196
,,,
Amana Balanced,03-Oct-2016,124.0928,124.0928
,,,
Amana Balanced,04-Oct-2016,125.237,125.237
,,,
Amana Balanced,05-Oct-2016,124.9756,124.9756
,,,
Amana Balanced,06-Oct-2016,125.0439,125.0439
,,,
Amana Balanced,07-Oct-2016,124.7315,124.7315
,,,
Amana Balanced,10-Oct-2016,124.558,124.558
,,,
Amana Balanced,11-Oct-2016,125.0942,125.0942
,,,
Amana Balanced,12-Oct-2016,125.1776,125.1776
,,,
Amana Balanced,13-Oct-2016,124.7272,124.7272
,,,
Amana Balanced,14-Oct-2016,124.2193,124.2193
,,,
Amana Balanced,17-Oct-2016,124.4872,124.4872
,,,
Amana Balanced,18-Oct-2016,124.433,124.433
,,,
Amana Balanced,19-Oct-2016,124.6795,124.6795
,,,
Amana Balanced,21-Oct-2016,124.2657,124.2657
,,,
Amana Balanced,24-Oct-2016,125,125
,,,
Amana Balanced,25-Oct-2016,125.2183,125.2183
,,,
,,,
,,,
,,,
,,,
,,,
,,,
,,,
,,,
,,,
,,,
,,,
FundName,,,
,,,
,,,
Amana Balanced,26-Oct-2016,124.2912,124.2912
,,,
Amana Balanced,27-Oct-2016,124.2221,124.2221
,,,
Amana Balanced,28-Oct-2016,123.8776,123.8776
,,,
Amana Balanced,31-Oct-2016,124.2201,124.2201
,,,
Amana Balanced,01-Nov-2016,125.6033,125.6033
,,,
Amana Balanced,02-Nov-2016,125.178,125.178
,,,
Amana Balanced,03-Nov-2016,124.8348,124.8348
,,,
Amana Balanced,04-Nov-2016,124.8995,124.8995
,,,
Amana Balanced,07-Nov-2016,125.5578,125.5578
,,,
Amana Balanced,08-Nov-2016,125.5841,125.5841
,,,
Amana Balanced,09-Nov-2016,125.7528,125.7528
,,,
Amana Balanced,10-Nov-2016,125.4374,125.4374
,,,
Amana Balanced,11-Nov-2016,125.7582,125.7582
,,,
Amana Balanced,14-Nov-2016,125.8281,125.8281
,,,
Amana Balanced,15-Nov-2016,125.9121,125.9121
,,,
Amana Balanced,16-Nov-2016,125.9106,125.9106
,,,
Amana Balanced,17-Nov-2016,125.9644,125.9644
,,,
Amana Balanced,18-Nov-2016,125.987,125.987
,,,
Amana Balanced,21-Nov-2016,126.0034,126.0034
,,,
Amana Balanced,22-Nov-2016,126.137,126.137
,,,
Amana Balanced,23-Nov-2016,126.1745,126.1745
,,,
Amana Balanced,24-Nov-2016,126.2085,126.2085
,,,
Amana Balanced,25-Nov-2016,126.2318,126.2318
,,,
Amana Balanced,28-Nov-2016,126.3118,126.3118
,,,
Amana Balanced,29-Nov-2016,126.3949,126.3949
,,,
Amana Balanced,30-Nov-2016,126.4304,126.4304
,,,
Amana Balanced,01-Dec-2016,126.7279,126.7279
,,,
Amana Balanced,02-Dec-2016,126.6694,126.6694
,,,
Amana Balanced,05-Dec-2016,126.3841,126.3841
,,,
Amana Balanced,06-Dec-2016,125.8803,125.8803
,,,
,,,
,,,
,,,
,,,
,,,
,,,
,,,
,,,
,,,
,,,
,,,
FundName,,,
,,,
,,,
Amana Balanced,07-Dec-2016,125.8028,125.8028
,,,
Amana Balanced,08-Dec-2016,125.9343,125.9343
,,,
Amana Balanced,09-Dec-2016,125.9184,125.9184
,,,
Amana Balanced,13-Dec-2016,126.1948,126.1948
,,,
Amana Balanced,14-Dec-2016,126.2032,126.2032
,,,
Amana Balanced,15-Dec-2016,125.9801,125.9801
,,,
Amana Balanced,16-Dec-2016,125.7569,125.7569
,,,
Amana Balanced,19-Dec-2016,125.4712,125.4712
,,,
Amana Balanced,20-Dec-2016,125.9879,125.9879
,,,
Amana Balanced,21-Dec-2016,126.1045,126.1045
,,,
Amana Balanced,22-Dec-2016,126.171,126.171
,,,
Amana Balanced,23-Dec-2016,126.3537,126.3537
,,,
Amana Balanced,28-Dec-2016,126.3496,126.3496
,,,
Amana Balanced,29-Dec-2016,126.3506,126.3506
,,,
Amana Balanced,30-Dec-2016,126.3595,126.3595
,,,
Amana Balanced,31-Dec-2016,126.3673,126.3673
,,,
Amana Balanced,03-Jan-2017,127.0873,127.0873
,,,
Amana Balanced,04-Jan-2017,126.9706,126.9706
,,,
Amana Balanced,05-Jan-2017,127.0875,127.0875
,,,
Amana Balanced,06-Jan-2017,126.8497,126.8497
,,,
Amana Balanced,09-Jan-2017,126.9405,126.9405
,,,
Amana Balanced,10-Jan-2017,126.9492,126.9492
,,,
Amana Balanced,11-Jan-2017,126.9578,126.9578
,,,
Amana Balanced,12-Jan-2017,126.9503,126.9503
,,,
Amana Balanced,13-Jan-2017,126.7029,126.7029
,,,
Amana Balanced,16-Jan-2017,127.1083,127.1083
,,,
Amana Balanced,17-Jan-2017,127.1524,127.1524
,,,
Amana Balanced,18-Jan-2017,127.1597,127.1597
,,,
Amana Balanced,19-Jan-2017,127.0475,127.0475
,,,
Amana Balanced,20-Jan-2017,126.3232,126.3232
,,,
,,,
,,,
,,,
,,,
,,,
,,,
,,,
,,,
,,,
,,,
,,,
FundName,,,
,,,
,,,
Amana Balanced,23-Jan-2017,126.3334,126.3334
,,,
Amana Balanced,24-Jan-2017,126.3403,126.3403
,,,
Amana Balanced,25-Jan-2017,126.3471,126.3471
,,,
Amana Balanced,26-Jan-2017,126.3654,126.3654
,,,
Amana Balanced,27-Jan-2017,124.1733,124.1733
,,,
Amana Balanced,30-Jan-2017,126.133,126.133
,,,
Amana Balanced,31-Jan-2017,126.1898,126.1898
,,,
Amana Balanced,01-Feb-2017,127.3948,127.3948
,,,
Amana Balanced,02-Feb-2017,128.0346,128.0346
,,,
Amana Balanced,03-Feb-2017,127.7996,127.7996
,,,
Amana Balanced,06-Feb-2017,127.9294,127.9294
,,,
Amana Balanced,07-Feb-2017,127.6832,127.6832
,,,
Amana Balanced,08-Feb-2017,127.7022,127.7022
,,,
Amana Balanced,09-Feb-2017,127.6622,127.6622
,,,
Amana Balanced,10-Feb-2017,127.1799,127.1799
,,,
Amana Balanced,13-Feb-2017,127.3575,127.3575
,,,
Amana Balanced,14-Feb-2017,127.3765,127.3765
,,,
Amana Balanced,15-Feb-2017,127.2786,127.2786
,,,
Amana Balanced,16-Feb-2017,127.3693,127.3693
,,,
Amana Balanced,17-Feb-2017,127.3883,127.3883
,,,
Amana Balanced,20-Feb-2017,127.3747,127.3747
,,,
Amana Balanced,21-Feb-2017,127.4395,127.4395
,,,
Amana Balanced,22-Feb-2017,127.4068,127.4068
,,,
Amana Balanced,23-Feb-2017,127.4314,127.4314
,,,
Amana Balanced,24-Feb-2017,127.5218,127.5218
,,,
Amana Balanced,27-Feb-2017,127.6495,127.6495
,,,
Amana Balanced,28-Feb-2017,127.67,127.67
,,,
Amana Balanced,01-Mar-2017,127.9427,127.9427
,,,
Amana Balanced,02-Mar-2017,127.6772,127.6772
,,,
Amana Balanced,03-Mar-2017,127.5542,127.5542
,,,
,,,
,,,
,,,
,,,
,,,
,,,
,,,
,,,
,,,
,,,
,,,
FundName,,,
,,,
,,,
Amana Balanced,06-Mar-2017,127.3014,127.3014
,,,
Amana Balanced,07-Mar-2017,127.4293,127.4293
,,,
Amana Balanced,08-Mar-2017,127.1009,127.1009
,,,
Amana Balanced,09-Mar-2017,127.1105,127.1105
,,,
Amana Balanced,10-Mar-2017,127.0545,127.0545
,,,
Amana Balanced,13-Mar-2017,127.0668,127.0668
,,,
Amana Balanced,14-Mar-2017,127.1903,127.1903
,,,
Amana Balanced,15-Mar-2017,127.281,127.281
,,,
Amana Balanced,16-Mar-2017,127.3008,127.3008
,,,
Amana Balanced,17-Mar-2017,127.5327,127.5327
,,,
Amana Balanced,20-Mar-2017,127.5731,127.5731
,,,
Amana Balanced,21-Mar-2017,127.7439,127.7439
,,,
Amana Balanced,22-Mar-2017,127.526,127.526
,,,
Amana Balanced,23-Mar-2017,127.8529,127.8529
,,,
Amana Balanced,24-Mar-2017,127.8721,127.8721
,,,
Amana Balanced,27-Mar-2017,127.6942,127.6942
,,,
Amana Balanced,28-Mar-2017,127.6774,127.6774
,,,
Amana Balanced,29-Mar-2017,127.7674,127.7674
,,,
Amana Balanced,30-Mar-2017,127.8569,127.8569
,,,
Amana Balanced,31-Mar-2017,127.9782,127.9782
,,,
Amana Balanced,03-Apr-2017,128.2337,128.2337
,,,
Amana Balanced,04-Apr-2017,128.3502,128.3502
,,,
Amana Balanced,05-Apr-2017,128.4396,128.4396
,,,
Amana Balanced,06-Apr-2017,128.5318,128.5318
,,,
Amana Balanced,07-Apr-2017,128.832,128.832
,,,
Amana Balanced,10-Apr-2017,128.8442,128.8442
,,,
Amana Balanced,11-Apr-2017,128.9086,128.9086
,,,
Amana Balanced,12-Apr-2017,129.2082,129.2082
,,,
Amana Balanced,13-Apr-2017,128.8271,128.8271
,,,
Amana Balanced,18-Apr-2017,130.4147,130.4147
,,,
,,,
,,,
,,,
,,,
,,,
,,,
,,,
,,,
,,,
,,,
,,,
FundName,,,
,,,
,,,
Amana Balanced,19-Apr-2017,128.9421,128.9421
,,,
Amana Balanced,20-Apr-2017,128.9992,128.9992
,,,
Amana Balanced,21-Apr-2017,129.024,129.024
,,,
Amana Balanced,24-Apr-2017,129.2664,129.2664
,,,
Amana Balanced,25-Apr-2017,129.2915,129.2915
,,,
Amana Balanced,26-Apr-2017,129.2774,129.2774
,,,
Amana Balanced,27-Apr-2017,129.2827,129.2827
,,,
Amana Balanced,28-Apr-2017,129.3078,129.3078
,,,
Amana Balanced,30-Apr-2017,128.0956,128.0956
,,,
Amana Balanced,02-May-2017,129.7871,129.7871
,,,
Amana Balanced,03-May-2017,129.6933,129.6933
,,,
Amana Balanced,04-May-2017,129.4483,129.4483
,,,
Amana Balanced,05-May-2017,129.4724,129.4724
,,,
Amana Balanced,08-May-2017,129.5535,129.5535
,,,
Amana Balanced,09-May-2017,129.5774,129.5774
,,,
Amana Balanced,10-May-2017,129.1781,129.1781
,,,
Amana Balanced,11-May-2017,129.2622,129.2622
,,,
Amana Balanced,12-May-2017,129.2872,129.2872
,,,
Amana Balanced,15-May-2017,129.3904,129.3904
,,,
Amana Balanced,16-May-2017,129.4143,129.4143
,,,
Amana Balanced,17-May-2017,125.2379,125.2379
,,,
Amana Balanced,18-May-2017,129.3652,129.3652
,,,
Amana Balanced,19-May-2017,129.3916,129.3916
,,,
Amana Balanced,22-May-2017,129.4066,129.4066
,,,
Amana Balanced,23-May-2017,129.4366,129.4366
,,,
Amana Balanced,24-May-2017,129.4161,129.4161
,,,
Amana Balanced,25-May-2017,129.4912,129.4912
,,,
Amana Balanced,26-May-2017,129.4949,129.4949
,,,
Amana Balanced,29-May-2017,129.6892,129.6892
,,,
Amana Balanced,30-May-2017,129.4066,129.4066
,,,
,,,
,,,
,,,
,,,
,,,
,,,
,,,
,,,
,,,
,,,
,,,
FundName,,,
,,,
,,,
Amana Balanced,31-May-2017,129.5587,129.5587
,,,
Amana Balanced,02-Jun-2017,129.7273,129.7273
,,,
Amana Balanced,05-Jun-2017,130.0656,130.0656
,,,
Amana Balanced,06-Jun-2017,129.7159,129.7159
,,,
Amana Balanced,07-Jun-2017,129.4547,129.4547
,,,
Amana Balanced,08-Jun-2017,129.4785,129.4785
,,,
Amana Balanced,09-Jun-2017,129.5028,129.5028
,,,
Amana Balanced,12-Jun-2017,129.5233,129.5233
,,,
Amana Balanced,13-Jun-2017,129.5269,129.5269
,,,
Amana Balanced,14-Jun-2017,129.6047,129.6047
,,,
Amana Balanced,15-Jun-2017,129.6404,129.6404
,,,
Amana Balanced,16-Jun-2017,129.7151,129.7151
,,,
Amana Balanced,19-Jun-2017,129.038,129.038
,,,
Amana Balanced,20-Jun-2017,129.9576,129.9576
,,,
Amana Balanced,21-Jun-2017,129.9817,129.9817
,,,
Amana Balanced,22-Jun-2017,130.0568,130.0568
,,,
Amana Balanced,23-Jun-2017,130.0301,130.0301
,,,
Amana Balanced,27-Jun-2017,130.1266,130.1266
,,,
Amana Balanced,28-Jun-2017,130.2016,130.2016
,,,
Amana Balanced,29-Jun-2017,130.2258,130.2258
,,,
Amana Balanced,30-Jun-2017,130.2472,130.2472
,,,
Amana Balanced,03-Jul-2017,130.2787,130.2787
,,,
Amana Balanced,04-Jul-2017,130.6889,130.6889
,,,
Amana Balanced,05-Jul-2017,130.3852,130.3852
,,,
Amana Balanced,06-Jul-2017,130.5104,130.5104
,,,
Amana Balanced,07-Jul-2017,130.5849,130.5849
,,,
Amana Balanced,10-Jul-2017,130.7077,130.7077
,,,
Amana Balanced,11-Jul-2017,130.6815,130.6815
,,,
Amana Balanced,12-Jul-2017,130.1398,130.1398
,,,
Amana Balanced,13-Jul-2017,130.1641,130.1641
,,,
,,,
,,,
,,,
,,,
,,,
,,,
,,,
,,,
,,,
,,,
,,,
FundName,,,
,,,
,,,
Amana Balanced,14-Jul-2017,129.9538,129.9538
,,,
Amana Balanced,17-Jul-2017,129.9866,129.9866
,,,
Amana Balanced,18-Jul-2017,130.1471,130.1471
,,,
Amana Balanced,19-Jul-2017,130.1066,130.1066
,,,
Amana Balanced,20-Jul-2017,130.389,130.389
,,,
Amana Balanced,21-Jul-2017,130.4517,130.4517
,,,
Amana Balanced,24-Jul-2017,130.5251,130.5251
,,,
Amana Balanced,25-Jul-2017,130.5545,130.5545
,,,
Amana Balanced,26-Jul-2017,130.5184,130.5184
,,,
Amana Balanced,27-Jul-2017,130.6064,130.6064
,,,
Amana Balanced,28-Jul-2017,130.6161,130.6161
,,,
Amana Balanced,31-Jul-2017,130.5986,130.5986
,,,
Amana Balanced,01-Aug-2017,130.899,130.899
,,,
Amana Balanced,02-Aug-2017,130.9691,130.9691
,,,
Amana Balanced,03-Aug-2017,130.4557,130.4557
,,,
Amana Balanced,04-Aug-2017,130.1954,130.1954
,,,
Amana Balanced,07-Aug-2017,130.2722,130.2722
,,,
Amana Balanced,09-Aug-2017,130.3233,130.3233
,,,
Amana Balanced,10-Aug-2017,130.349,130.349
,,,
Amana Balanced,11-Aug-2017,130.3424,130.3424
,,,
Amana Balanced,14-Aug-2017,130.5918,130.5918
,,,
Amana Balanced,15-Aug-2017,130.6115,130.6115
,,,
Amana Balanced,16-Aug-2017,130.6372,130.6372
,,,
Amana Balanced,17-Aug-2017,130.6527,130.6527
,,,
Amana Balanced,18-Aug-2017,130.6867,130.6867
,,,
Amana Balanced,21-Aug-2017,130.7541,130.7541
,,,
Amana Balanced,22-Aug-2017,130.7544,130.7544
,,,
Amana Balanced,23-Aug-2017,130.7782,130.7782
,,,
Amana Balanced,24-Aug-2017,130.8174,130.8174
,,,
Amana Balanced,25-Aug-2017,130.8539,130.8539
,,,
,,,
,,,
,,,
,,,
,,,
,,,
,,,
,,,
,,,
,,,
,,,
FundName,,,
,,,
,,,
Amana Balanced,28-Aug-2017,130.764,130.764
,,,
Amana Balanced,29-Aug-2017,130.889,130.889
,,,
Amana Balanced,30-Aug-2017,130.889,130.889
,,,
Amana Balanced,31-Aug-2017,130.9344,130.9344
,,,
Amana Balanced,01-Sep-2017,130.7967,130.7967
,,,
Amana Balanced,04-Sep-2017,130.8558,130.8558
,,,
Amana Balanced,05-Sep-2017,131.6847,131.6847
,,,
Amana Balanced,06-Sep-2017,131.399,131.399
,,,
Amana Balanced,07-Sep-2017,131.4032,131.4032
,,,
Amana Balanced,08-Sep-2017,130.8639,130.8639
,,,
Amana Balanced,11-Sep-2017,131.0876,131.0876
,,,
Amana Balanced,12-Sep-2017,130.8055,130.8055
,,,
Amana Balanced,13-Sep-2017,130.8425,130.8425
,,,
Amana Balanced,14-Sep-2017,131.1951,131.1951
,,,
Amana Balanced,15-Sep-2017,131.2206,131.2206
,,,
Amana Balanced,18-Sep-2017,131.2326,131.2326
,,,
Amana Balanced,19-Sep-2017,131.2364,131.2364
,,,
Amana Balanced,20-Sep-2017,131.2508,131.2508
,,,
Amana Balanced,21-Sep-2017,131.2771,131.2771
,,,
Amana Balanced,22-Sep-2017,131.305,131.305
,,,
Amana Balanced,25-Sep-2017,131.3711,131.3711
,,,
Amana Balanced,26-Sep-2017,131.3869,131.3869
,,,
Amana Balanced,27-Sep-2017,131.3815,131.3815
,,,
Amana Balanced,28-Sep-2017,131.408,131.408
,,,
Amana Balanced,29-Sep-2017,131.4319,131.4319
,,,
Amana Balanced,30-Sep-2017,130.1326,130.1326
,,,
Amana Balanced,02-Oct-2017,130.1038,130.1038
,,,
Amana Balanced,03-Oct-2017,130.9303,130.9303
,,,
Amana Balanced,04-Oct-2017,130.9991,130.9991
,,,
Amana Balanced,05-Oct-2017,130.9859,130.9859
,,,
,,,
,,,
,,,
,,,
,,,
,,,
,,,
,,,
,,,
,,,
,,,
FundName,,,
,,,
,,,
Amana Balanced,06-Oct-2017,130.8327,130.8327
,,,
Amana Balanced,09-Oct-2017,130.8018,130.8018
,,,
Amana Balanced,10-Oct-2017,130.802,130.802
,,,
Amana Balanced,11-Oct-2017,130.7887,130.7887
,,,
Amana Balanced,12-Oct-2017,130.8132,130.8132
,,,
Amana Balanced,13-Oct-2017,130.8679,130.8679
,,,
Amana Balanced,16-Oct-2017,130.9662,130.9662
,,,
Amana Balanced,17-Oct-2017,130.9762,130.9762
,,,
Amana Balanced,18-Oct-2017,131.3135,131.3135
,,,
Amana Balanced,19-Oct-2017,131.3264,131.3264
,,,
Amana Balanced,23-Oct-2017,130.8669,130.8669
,,,
Amana Balanced,24-Oct-2017,131.2737,131.2737
,,,
Amana Balanced,27-Oct-2017,131.4143,131.4143
,,,
Amana Balanced,30-Oct-2017,131.6162,131.6162
,,,
Amana Balanced,31-Oct-2017,131.6181,131.6181
,,,
Amana Balanced,01-Nov-2017,132.013,132.013
,,,
Amana Balanced,02-Nov-2017,132.0889,132.0889
,,,
Amana Balanced,03-Nov-2017,131.7963,131.7963
,,,
Amana Balanced,06-Nov-2017,132.6453,132.6453
,,,
Amana Balanced,07-Nov-2017,131.9465,131.9465
,,,
Amana Balanced,08-Nov-2017,131.8664,131.8664
,,,
Amana Balanced,09-Nov-2017,131.8878,131.8878
,,,
Amana Balanced,10-Nov-2017,131.8293,131.8293
,,,
Amana Balanced,13-Nov-2017,131.9862,131.9862
,,,
Amana Balanced,14-Nov-2017,132.0519,132.0519
,,,
Amana Balanced,15-Nov-2017,131.931,131.931
,,,
Amana Balanced,16-Nov-2017,131.9477,131.9477
,,,
Amana Balanced,17-Nov-2017,131.9584,131.9584
,,,
Amana Balanced,20-Nov-2017,132.0834,132.0834
,,,
Amana Balanced,21-Nov-2017,131.9864,131.9864
,,,
,,,
,,,
,,,
,,,
,,,
,,,
,,,
,,,
,,,
,,,
,,,
FundName,,,
,,,
,,,
Amana Balanced,22-Nov-2017,132.0685,132.0685
,,,
Amana Balanced,23-Nov-2017,132.1316,132.1316
,,,
Amana Balanced,24-Nov-2017,132.1382,132.1382
,,,
Amana Balanced,27-Nov-2017,132.2593,132.2593
,,,
Amana Balanced,29-Nov-2017,132.2661,132.2661
,,,
Amana Balanced,30-Nov-2017,132.2445,132.2445
,,,
Amana Balanced,01-Dec-2017,132.3233,132.3233
,,,
Amana Balanced,04-Dec-2017,132.3193,132.3193
,,,
Amana Balanced,05-Dec-2017,132.326,132.326
,,,
Amana Balanced,06-Dec-2017,131.9746,131.9746
,,,
Amana Balanced,07-Dec-2017,131.782,131.782
,,,
Amana Balanced,08-Dec-2017,131.8585,131.8585
,,,
Amana Balanced,11-Dec-2017,131.9187,131.9187
,,,
Amana Balanced,13-Dec-2017,131.9659,131.9659
,,,
Amana Balanced,14-Dec-2017,132.0372,132.0372
,,,
Amana Balanced,15-Dec-2017,131.5769,131.5769
,,,
Amana Balanced,18-Dec-2017,131.79,131.79
,,,
Amana Balanced,19-Dec-2017,131.8009,131.8009
,,,
Amana Balanced,29-Dec-2017,132.0809,132.0809
,,,
Amana Balanced,31-Dec-2017,132.1003,132.1003
,,,
Amana Balanced,02-Jan-2018,132.374,132.374
,,,
Amana Balanced,03-Jan-2018,132.4669,132.4669
,,,
Amana Balanced,04-Jan-2018,132.1037,132.1037
,,,
Amana Balanced,05-Jan-2018,132.3272,132.3272
,,,
Amana Balanced,08-Jan-2018,132.4446,132.4446
,,,
Amana Balanced,09-Jan-2018,132.9058,132.9058
,,,
Amana Balanced,10-Jan-2018,132.0071,132.0071
,,,
Amana Balanced,11-Jan-2018,132.1125,132.1125
,,,
Amana Balanced,12-Jan-2018,132.2172,132.2172
,,,
Amana Balanced,15-Jan-2018,133.1029,133.1029
,,,
,,,
,,,
,,,
,,,
,,,
,,,
,,,
,,,
,,,
,,,
,,,
FundName,,,
,,,
,,,
Amana Balanced,16-Jan-2018,132.8258,132.8258
,,,
Amana Balanced,17-Jan-2018,132.8802,132.8802
,,,
Amana Balanced,18-Jan-2018,132.8887,132.8887
,,,
Amana Balanced,19-Jan-2018,132.9106,132.9106
,,,
Amana Balanced,22-Jan-2018,132.913,132.913
,,,
Amana Balanced,23-Jan-2018,132.8571,132.8571
,,,
Amana Balanced,24-Jan-2018,133.0804,133.0804
,,,
Amana Balanced,25-Jan-2018,133.128,133.128
,,,
Amana Balanced,26-Jan-2018,132.952,132.952
,,,
Amana Balanced,29-Jan-2018,132.8502,132.8502
,,,
Amana Balanced,30-Jan-2018,133.1442,133.1442
,,,
Amana Balanced,31-Jan-2018,133.0998,133.0998
,,,
Amana Balanced,01-Feb-2018,133.2079,133.2079
,,,
Amana Balanced,02-Feb-2018,131.6588,131.6588
,,,
Amana Balanced,05-Feb-2018,133.4553,133.4553
,,,
Amana Balanced,06-Feb-2018,133.4866,133.4866
,,,
Amana Balanced,07-Feb-2018,133.5327,133.5327
,,,
Amana Balanced,08-Feb-2018,133.4711,133.4711
,,,
Amana Balanced,09-Feb-2018,133.4652,133.4652
,,,
Amana Balanced,12-Feb-2018,134.4877,134.4877
,,,
Amana Balanced,13-Feb-2018,133.3705,133.3705
,,,
Amana Balanced,14-Feb-2018,133.3878,133.3878
,,,
Amana Balanced,15-Feb-2018,133.749,133.749
,,,
Amana Balanced,16-Feb-2018,133.7277,133.7277
,,,
Amana Balanced,19-Feb-2018,133.5373,133.5373
,,,
Amana Balanced,20-Feb-2018,133.7751,133.7751
,,,
Amana Balanced,21-Feb-2018,133.7782,133.7782
,,,
Amana Balanced,22-Feb-2018,133.7503,133.7503
,,,
Amana Balanced,23-Feb-2018,133.7748,133.7748
,,,
Amana Balanced,26-Feb-2018,133.8287,133.8287
,,,
,,,
,,,
,,,
,,,
,,,
,,,
,,,
,,,
,,,
,,,
,,,
FundName,,,
,,,
,,,
Amana Balanced,27-Feb-2018,133.8733,133.8733
,,,
Amana Balanced,28-Feb-2018,133.3035,133.3035
,,,
Amana Balanced,01-Mar-2018,134.1629,134.1629
,,,
Amana Balanced,02-Mar-2018,133.8767,133.8767
,,,
Amana Balanced,05-Mar-2018,133.4495,133.4495
,,,
Amana Balanced,06-Mar-2018,133.6978,133.6978
,,,
Amana Balanced,07-Mar-2018,133.897,133.897
,,,
Amana Balanced,08-Mar-2018,133.9377,133.9377
,,,
Amana Balanced,09-Mar-2018,133.9799,133.9799
,,,
Amana Balanced,12-Mar-2018,133.7676,133.7676
,,,
Amana Balanced,13-Mar-2018,133.9463,133.9463
,,,
Amana Balanced,14-Mar-2018,133.768,133.768
,,,
Amana Balanced,15-Mar-2018,133.7615,133.7615
,,,
Amana Balanced,16-Mar-2018,133.9215,133.9215
,,,
Amana Balanced,19-Mar-2018,134.4504,134.4504
,,,
Amana Balanced,20-Mar-2018,134.4872,134.4872
,,,
Amana Balanced,21-Mar-2018,134.553,134.553
,,,
Amana Balanced,22-Mar-2018,134.558,134.558
,,,
Amana Balanced,23-Mar-2018,135.1791,135.1791
,,,
Amana Balanced,26-Mar-2018,134.8163,134.8163
,,,
Amana Balanced,27-Mar-2018,134.869,134.869
,,,
Amana Balanced,28-Mar-2018,134.8844,134.8844
,,,
Amana Balanced,29-Mar-2018,134.7945,134.7945
,,,
Amana Balanced,31-Mar-2018,134.8311,134.8311
,,,
Amana Balanced,03-Apr-2018,134.9095,134.9095
,,,
Amana Balanced,04-Apr-2018,135.0196,135.0196
,,,
Amana Balanced,05-Apr-2018,135.3003,135.3003
,,,
Amana Balanced,06-Apr-2018,135.1074,135.1074
,,,
Amana Balanced,09-Apr-2018,135.0177,135.0177
,,,
Amana Balanced,10-Apr-2018,135.0245,135.0245
,,,
,,,
,,,
,,,
,,,
,,,
,,,
,,,
,,,
,,,
,,,
,,,
FundName,,,
,,,
,,,
Amana Balanced,11-Apr-2018,137.2004,137.2004
,,,
Amana Balanced,12-Apr-2018,137.1781,137.1781
,,,
Amana Balanced,13-Apr-2018,135.4661,135.4661
,,,
Amana Balanced,16-Apr-2018,135.5976,135.5976
,,,
Amana Balanced,17-Apr-2018,135.5838,135.5838
,,,
Amana Balanced,18-Apr-2018,135.12,135.12
,,,
Amana Balanced,19-Apr-2018,135.1295,135.1295
,,,
Amana Balanced,20-Apr-2018,135.5122,135.5122
,,,
Amana Balanced,23-Apr-2018,135.468,135.468
,,,
Amana Balanced,24-Apr-2018,135.5061,135.5061
,,,
Amana Balanced,25-Apr-2018,135.5357,135.5357
,,,
Amana Balanced,26-Apr-2018,135.5213,135.5213
,,,
Amana Balanced,27-Apr-2018,137.8781,137.8781
,,,
Amana Balanced,30-Apr-2018,135.5303,135.5303
,,,
Amana Balanced,02-May-2018,135.9292,135.9292
,,,
Amana Balanced,03-May-2018,135.7332,135.7332
,,,
Amana Balanced,04-May-2018,135.7725,135.7725
,,,
Amana Balanced,07-May-2018,135.7737,135.7737
,,,
Amana Balanced,08-May-2018,136.1928,136.1928
,,,
Amana Balanced,09-May-2018,136.1367,136.1367
,,,
Amana Balanced,10-May-2018,136.115,136.115
,,,
Amana Balanced,11-May-2018,135.9334,135.9334
,,,
Amana Balanced,14-May-2018,135.849,135.849
,,,
Amana Balanced,15-May-2018,135.8842,135.8842
,,,
Amana Balanced,16-May-2018,135.8712,135.8712
,,,
Amana Balanced,17-May-2018,135.7555,135.7555
,,,
Amana Balanced,18-May-2018,135.8239,135.8239
,,,
Amana Balanced,21-May-2018,135.821,135.821
,,,
Amana Balanced,22-May-2018,135.9227,135.9227
,,,
Amana Balanced,23-May-2018,136.0204,136.0204
,,,
,,,
,,,
,,,
,,,
,,,
,,,
,,,
,,,
,,,
,,,
,,,
FundName,,,
,,,
,,,
Amana Balanced,24-May-2018,135.952,135.952
,,,
Amana Balanced,25-May-2018,135.6155,135.6155
,,,
Amana Balanced,28-May-2018,135.5378,135.5378
,,,
Amana Balanced,29-May-2018,134.4236,134.4236
,,,
Amana Balanced,30-May-2018,134.431,134.431
,,,
Amana Balanced,31-May-2018,135.7566,135.7566
,,,
Amana Balanced,04-Jun-2018,136.1343,136.1343
,,,
Amana Balanced,05-Jun-2018,135.9567,135.9567
,,,
Amana Balanced,06-Jun-2018,136.1639,136.1639
,,,
Amana Balanced,07-Jun-2018,136.1381,136.1381
,,,
Amana Balanced,08-Jun-2018,136.3453,136.3453
,,,
Amana Balanced,11-Jun-2018,136.4622,136.4622
,,,
Amana Balanced,12-Jun-2018,136.5121,136.5121
,,,
Amana Balanced,13-Jun-2018,136.4437,136.4437
,,,
Amana Balanced,14-Jun-2018,136.2976,136.2976
,,,
Amana Balanced,18-Jun-2018,136.5593,136.5593
,,,
Amana Balanced,19-Jun-2018,136.6197,136.6197
,,,
Amana Balanced,20-Jun-2018,136.7743,136.7743
,,,
Amana Balanced,21-Jun-2018,136.8397,136.8397
,,,
Amana Balanced,22-Jun-2018,136.7383,136.7383
,,,
Amana Balanced,25-Jun-2018,136.7875,136.7875
,,,
Amana Balanced,26-Jun-2018,136.791,136.791
,,,
Amana Balanced,27-Jun-2018,136.9817,136.9817
,,,
Amana Balanced,28-Jun-2018,136.7549,136.7549
,,,
Amana Balanced,29-Jun-2018,136.7938,136.7938
,,,
Amana Balanced,30-Jun-2018,136.8811,136.8811
,,,
Amana Balanced,02-Jul-2018,137.2099,137.2099
,,,
Amana Balanced,03-Jul-2018,137.1425,137.1425
,,,
Amana Balanced,04-Jul-2018,137.8909,137.8909
,,,
Amana Balanced,05-Jul-2018,137.8578,137.8578
,,,
,,,
,,,
,,,
,,,
,,,
,,,
,,,
,,,
,,,
,,,
,,,
FundName,,,
,,,
,,,
Amana Balanced,06-Jul-2018,136.5767,136.5767
,,,
Amana Balanced,09-Jul-2018,137.1511,137.1511
,,,
Amana Balanced,10-Jul-2018,137.1477,137.1477
,,,
Amana Balanced,11-Jul-2018,137.5931,137.5931
,,,
Amana Balanced,12-Jul-2018,137.3212,137.3212
,,,
Amana Balanced,13-Jul-2018,137.115,137.115
,,,
Amana Balanced,16-Jul-2018,136.99,136.99
,,,
Amana Balanced,17-Jul-2018,136.3499,136.3499
,,,
Amana Balanced,18-Jul-2018,136.2835,136.2835
,,,
Amana Balanced,19-Jul-2018,136.6045,136.6045
,,,
Amana Balanced,20-Jul-2018,136.8113,136.8113
,,,
Amana Balanced,23-Jul-2018,138.1116,138.1116
,,,
Amana Balanced,24-Jul-2018,138.0687,138.0687
,,,
Amana Balanced,25-Jul-2018,138.2131,138.2131
,,,
Amana Balanced,26-Jul-2018,138.3257,138.3257
,,,
Amana Balanced,27-Jul-2018,136.2945,136.2945
,,,
Amana Balanced,30-Jul-2018,137.8029,137.8029
,,,
Amana Balanced,31-Jul-2018,137.6154,137.6154
,,,
Amana Balanced,01-Aug-2018,139.766,139.766
,,,
Amana Balanced,02-Aug-2018,137.3348,137.3348
,,,
Amana Balanced,03-Aug-2018,137.5357,137.5357
,,,
Amana Balanced,06-Aug-2018,137.9583,137.9583
,,,
Amana Balanced,07-Aug-2018,138.0349,138.0349
,,,
Amana Balanced,08-Aug-2018,138.3814,138.3814
,,,
Amana Balanced,09-Aug-2018,138.291,138.291
,,,
Amana Balanced,10-Aug-2018,138.5532,138.5532
,,,
Amana Balanced,13-Aug-2018,139.0064,139.0064
,,,
Amana Balanced,14-Aug-2018,138.8781,138.8781
,,,
Amana Balanced,15-Aug-2018,138.2293,138.2293
,,,
Amana Balanced,16-Aug-2018,138.6055,138.6055
,,,
,,,
,,,
,,,
,,,
,,,
,,,
,,,
,,,
,,,
,,,
,,,
FundName,,,
,,,
,,,
Amana Balanced,17-Aug-2018,138.454,138.454
,,,
Amana Balanced,20-Aug-2018,138.4377,138.4377
,,,
Amana Balanced,22-Aug-2018,138.0557,138.0557
,,,
Amana Balanced,23-Aug-2018,138.5633,138.5633
,,,
Amana Balanced,24-Aug-2018,136.9983,136.9983
,,,
Amana Balanced,27-Aug-2018,137.1782,137.1782
,,,
Amana Balanced,28-Aug-2018,136.4456,136.4456
,,,
Amana Balanced,29-Aug-2018,136.0384,136.0384
,,,
Amana Balanced,30-Aug-2018,136.1351,136.1351
,,,
Amana Balanced,31-Aug-2018,136.1974,136.1974
,,,
Amana Balanced,03-Sep-2018,136.6104,136.6104
,,,
Amana Balanced,04-Sep-2018,135.6635,135.6635
,,,
Amana Balanced,05-Sep-2018,135.4451,135.4451
,,,
Amana Balanced,06-Sep-2018,135.3244,135.3244
,,,
Amana Balanced,07-Sep-2018,135.1413,135.1413
,,,
Amana Balanced,10-Sep-2018,137.2668,137.2668
,,,
Amana Balanced,11-Sep-2018,135.0351,135.0351
,,,
Amana Balanced,12-Sep-2018,134.4719,134.4719
,,,
Amana Balanced,13-Sep-2018,134.3324,134.3324
,,,
Amana Balanced,14-Sep-2018,134.2019,134.2019
,,,
Amana Balanced,17-Sep-2018,134.237,134.237
,,,
Amana Balanced,18-Sep-2018,134.1168,134.1168
,,,
Amana Balanced,19-Sep-2018,133.8278,133.8278
,,,
Amana Balanced,20-Sep-2018,133.3877,133.3877
,,,
Amana Balanced,21-Sep-2018,132.4889,132.4889
,,,
Amana Balanced,24-Sep-2018,131.8771,131.8771
,,,
Amana Balanced,25-Sep-2018,132.2953,132.2953
,,,
Amana Balanced,26-Sep-2018,131.8739,131.8739
,,,
Amana Balanced,27-Sep-2018,131.8859,131.8859
,,,
Amana Balanced,28-Sep-2018,132.0475,132.0475
,,,
,,,
,,,
,,,
,,,
,,,
,,,
,,,
,,,
,,,
,,,
,,,
FundName,,,
,,,
,,,
Amana Balanced,30-Sep-2018,131.6488,131.6488
,,,
Amana Balanced,01-Oct-2018,131.6652,131.6652
,,,
Amana Balanced,02-Oct-2018,132.4716,132.4716
,,,
Amana Balanced,03-Oct-2018,132.159,132.159
,,,
Amana Balanced,04-Oct-2018,131.6741,131.6741
,,,
Amana Balanced,05-Oct-2018,131.3422,131.3422
,,,
Amana Balanced,08-Oct-2018,131.1104,131.1104
,,,
Amana Balanced,09-Oct-2018,130.9469,130.9469
,,,
Amana Balanced,11-Oct-2018,130.8392,130.8392
,,,
Amana Balanced,12-Oct-2018,131.9592,131.9592
,,,
Amana Balanced,15-Oct-2018,131.7049,131.7049
,,,
Amana Balanced,16-Oct-2018,131.2691,131.2691
,,,
Amana Balanced,17-Oct-2018,131.0903,131.0903
,,,
Amana Balanced,18-Oct-2018,131.3954,131.3954
,,,
Amana Balanced,19-Oct-2018,131.1599,131.1599
,,,
Amana Balanced,22-Oct-2018,132.093,132.093
,,,
Amana Balanced,23-Oct-2018,131.9193,131.9193
,,,
Amana Balanced,24-Oct-2018,131.7488,131.7488
,,,
Amana Balanced,25-Oct-2018,131.933,131.933
,,,
Amana Balanced,26-Oct-2018,132.0912,132.0912
,,,
Amana Balanced,29-Oct-2018,131.3176,131.3176
,,,
Amana Balanced,30-Oct-2018,131.0758,131.0758
,,,
Amana Balanced,31-Oct-2018,131.1143,131.1143
,,,
Amana Balanced,01-Nov-2018,131.2334,131.2334
,,,
Amana Balanced,02-Nov-2018,130.9862,130.9862
,,,
Amana Balanced,05-Nov-2018,130.9421,130.9421
,,,
Amana Balanced,06-Nov-2018,131.0116,131.0116
,,,
Amana Balanced,07-Nov-2018,130.9313,130.9313
,,,
Amana Balanced,08-Nov-2018,130.7056,130.7056
,,,
Amana Balanced,09-Nov-2018,130.6523,130.6523
,,,
,,,
,,,
,,,
,,,
,,,
,,,
,,,
,,,
,,,
,,,
,,,
FundName,,,
,,,
,,,
Amana Balanced,12-Nov-2018,130.9873,130.9873
,,,
Amana Balanced,13-Nov-2018,133.2182,133.2182
